model,alpha,exception_date,realized_loss,var_forecast
MS_POT_Mixture,0.95,2022-01-24,0.0269272102621386,0.013720486001396756
MS_POT_Mixture,0.95,2022-02-07,0.0174321742274954,0.013750618692103877
MS_POT_Mixture,0.95,2022-02-14,0.0310946906967536,0.014158545302912962
MS_POT_Mixture,0.95,2022-02-24,0.0489602690308219,0.013468353758362549
MS_POT_Mixture,0.95,2022-04-18,0.0174322506303487,0.013202222569050803
MS_POT_Mixture,0.95,2022-05-04,0.0232033101901817,0.013344589583390151
MS_POT_Mixture,0.95,2022-05-12,0.0224621478725792,0.0136658352075877
MS_POT_Mixture,0.95,2022-05-19,0.0268910708974037,0.02242074184134153
MS_POT_Mixture,0.95,2022-06-10,0.0169098677448552,0.01336449661509165
MS_POT_Mixture,0.95,2022-06-13,0.0267339375202159,0.015419045354106986
MS_POT_Mixture,0.95,2022-06-16,0.021354848179315,0.020231838449753164
MS_POT_Mixture,0.95,2022-08-22,0.0151921485542088,0.013757830582092805
MS_POT_Mixture,0.95,2022-08-29,0.0141090551859436,0.013379017852453023
MS_POT_Mixture,0.95,2022-09-16,0.0195752033704768,0.013678135062186016
MS_POT_Mixture,0.95,2022-09-23,0.0173045408909074,0.013709707934489399
MS_POT_Mixture,0.95,2022-09-26,0.0181144013493809,0.016286444646725136
MS_POT_Mixture,0.95,2022-10-11,0.0150449936685785,0.014005886047165647
MS_POT_Mixture,0.95,2022-12-23,0.0178413752680846,0.01369268286398583
MS_POT_Mixture,0.95,2023-01-27,0.0162048389496388,0.01393210743938403
MS_POT_Mixture,0.95,2023-02-22,0.0153983109464969,0.013503010562068912
MS_POT_Mixture,0.95,2023-03-13,0.0149624166878137,0.013906377597032215
MS_POT_Mixture,0.95,2023-12-20,0.0142221227330497,0.013558272539846261
MS_POT_Mixture,0.95,2024-01-17,0.0211157704737447,0.01360668749854462
MS_POT_Mixture,0.95,2024-01-23,0.0179000980548101,0.014240727391356546
MS_POT_Mixture,0.95,2024-03-13,0.0152483933565969,0.013947980211345815
MS_POT_Mixture,0.95,2024-05-09,0.015590012996666,0.013570974502707427
MS_POT_Mixture,0.95,2024-06-04,0.0611241959627575,0.04572086447933234
MS_POT_Mixture,0.95,2024-08-05,0.0271517531414515,0.014044273897004323
MS_POT_Mixture,0.95,2024-09-30,0.0141606918570764,0.013971379564643909
MS_POT_Mixture,0.95,2024-10-03,0.02142424417261,0.014134423221788445
MS_POT_Mixture,0.95,2024-11-28,0.0149725605075969,0.014176532010730852
MS_POT_Mixture,0.95,2024-12-20,0.0153223592363376,0.01428453316476381
MS_POT_Mixture,0.95,2025-01-06,0.0163251287258849,0.01466881429525205
MS_POT_Mixture,0.95,2025-01-13,0.0148570974223703,0.014127291255588452
MS_POT_Mixture,0.95,2025-02-28,0.018820968141259,0.014032601306934879
MS_POT_Mixture,0.95,2025-04-01,0.0151507672965339,0.014133011174995571
MS_POT_Mixture,0.95,2025-04-04,0.0149782355814721,0.01419829872686422
MS_POT_Mixture,0.95,2025-04-07,0.0329701369044216,0.014985756310775174
MS_POT_Mixture,0.975,2022-01-24,0.0269272102621386,0.017435834706691085
MS_POT_Mixture,0.975,2022-02-14,0.0310946906967536,0.018345201259448544
MS_POT_Mixture,0.975,2022-02-24,0.0489602690308219,0.01722506592713988
MS_POT_Mixture,0.975,2022-04-18,0.0174322506303487,0.01689880017021894
MS_POT_Mixture,0.975,2022-05-04,0.0232033101901817,0.017132856165162247
MS_POT_Mixture,0.975,2022-05-12,0.0224621478725792,0.017564619003182874
MS_POT_Mixture,0.975,2022-06-13,0.0267339375202159,0.020443927470945585
MS_POT_Mixture,0.975,2022-09-16,0.0195752033704768,0.017355843969436617
MS_POT_Mixture,0.975,2022-12-23,0.0178413752680846,0.017473422287018873
MS_POT_Mixture,0.975,2024-01-17,0.0211157704737447,0.01740479873571018
MS_POT_Mixture,0.975,2024-06-04,0.0611241959627575,0.054657079917523325
MS_POT_Mixture,0.975,2024-08-05,0.0271517531414515,0.018016523697890988
MS_POT_Mixture,0.975,2024-10-03,0.02142424417261,0.01815719710374211
MS_POT_Mixture,0.975,2025-02-28,0.018820968141259,0.017735242561877057
MS_POT_Mixture,0.975,2025-04-07,0.0329701369044216,0.019259466997012697
MS_POT_Mixture,0.99,2022-01-24,0.0269272102621386,0.021531788713219296
MS_POT_Mixture,0.99,2022-02-14,0.0310946906967536,0.024062948134727636
MS_POT_Mixture,0.99,2022-02-24,0.0489602690308219,0.021548903256913464
MS_POT_Mixture,0.99,2022-05-04,0.0232033101901817,0.02150118519896384
MS_POT_Mixture,0.99,2022-05-12,0.0224621478725792,0.022417644411133374
MS_POT_Mixture,0.99,2024-08-05,0.0271517531414515,0.022983094560442674
MS_POT_Mixture,0.99,2025-04-07,0.0329701369044216,0.02585544772951993
HistoricalSimulation,0.95,2022-01-24,0.0269272102621386,0.015550964610404765
HistoricalSimulation,0.95,2022-02-07,0.0174321742274954,0.015566055511308912
HistoricalSimulation,0.95,2022-02-14,0.0310946906967536,0.015550964610404765
HistoricalSimulation,0.95,2022-02-24,0.0489602690308219,0.015550964610404765
HistoricalSimulation,0.95,2022-03-07,0.0238078559614201,0.015566055511308912
HistoricalSimulation,0.95,2022-04-18,0.0174322506303487,0.015442984214399148
HistoricalSimulation,0.95,2022-05-04,0.0232033101901817,0.015550964610404765
HistoricalSimulation,0.95,2022-05-06,0.016402205362178,0.015566055511308912
HistoricalSimulation,0.95,2022-05-12,0.0224621478725792,0.015566055511308912
HistoricalSimulation,0.95,2022-05-19,0.0268910708974037,0.01567583584294229
HistoricalSimulation,0.95,2022-06-10,0.0169098677448552,0.01567583584294229
HistoricalSimulation,0.95,2022-06-13,0.0267339375202159,0.01569317724217264
HistoricalSimulation,0.95,2022-06-16,0.021354848179315,0.015893711239188757
HistoricalSimulation,0.95,2022-09-16,0.0195752033704768,0.015893711239188757
HistoricalSimulation,0.95,2022-09-23,0.0173045408909074,0.01590643878483034
HistoricalSimulation,0.95,2022-09-26,0.0181144013493809,0.015956392938272928
HistoricalSimulation,0.95,2022-12-23,0.0178413752680846,0.015566414232637726
HistoricalSimulation,0.95,2023-01-27,0.0162048389496388,0.01569317724217264
HistoricalSimulation,0.95,2024-01-17,0.0211157704737447,0.015893711239188757
HistoricalSimulation,0.95,2024-01-23,0.0179000980548101,0.01590643878483034
HistoricalSimulation,0.95,2024-05-09,0.015590012996666,0.015576939926620594
HistoricalSimulation,0.95,2024-06-04,0.0611241959627575,0.015605170618225053
HistoricalSimulation,0.95,2024-08-05,0.0271517531414515,0.01589606836934315
HistoricalSimulation,0.95,2024-10-03,0.02142424417261,0.01595826629177586
HistoricalSimulation,0.95,2025-01-06,0.0163251287258849,0.015561782305061542
HistoricalSimulation,0.95,2025-02-28,0.018820968141259,0.015442984214399148
HistoricalSimulation,0.95,2025-04-07,0.0329701369044216,0.015550964610404765
HistoricalSimulation,0.975,2022-01-24,0.0269272102621386,0.020737223491232398
HistoricalSimulation,0.975,2022-02-14,0.0310946906967536,0.020737223491232398
HistoricalSimulation,0.975,2022-02-24,0.0489602690308219,0.0209281335081589
HistoricalSimulation,0.975,2022-03-07,0.0238078559614201,0.021224057236072263
HistoricalSimulation,0.975,2022-05-04,0.0232033101901817,0.021224057236072263
HistoricalSimulation,0.975,2022-05-12,0.0224621478725792,0.0214400062180904
HistoricalSimulation,0.975,2022-05-19,0.0268910708974037,0.021550244125126107
HistoricalSimulation,0.975,2022-06-13,0.0267339375202159,0.021705985041293136
HistoricalSimulation,0.975,2024-06-04,0.0611241959627575,0.02137668302827301
HistoricalSimulation,0.975,2024-08-05,0.0271517531414515,0.0214400062180904
HistoricalSimulation,0.975,2025-04-07,0.0329701369044216,0.02137668302827301
HistoricalSimulation,0.99,2022-02-14,0.0310946906967536,0.02976038035350287
HistoricalSimulation,0.99,2022-02-24,0.0489602690308219,0.030745932397959766
HistoricalSimulation,0.99,2024-06-04,0.0611241959627575,0.030745932397959766
HistoricalSimulation,0.99,2025-04-07,0.0329701369044216,0.031102830411349085
EWMA_Normal,0.95,2022-01-24,0.0269272102621386,0.014772472874042767
EWMA_Normal,0.95,2022-02-14,0.0310946906967536,0.017613101959782367
EWMA_Normal,0.95,2022-02-24,0.0489602690308219,0.02079088023866547
EWMA_Normal,0.95,2022-05-04,0.0232033101901817,0.01988304163669417
EWMA_Normal,0.95,2022-05-12,0.0224621478725792,0.01972797309057118
EWMA_Normal,0.95,2022-05-19,0.0268910708974037,0.021642564158129853
EWMA_Normal,0.95,2022-06-13,0.0267339375202159,0.018922430164749288
EWMA_Normal,0.95,2022-06-16,0.021354848179315,0.021181157551526004
EWMA_Normal,0.95,2022-08-22,0.0151921485542088,0.012815679491866433
EWMA_Normal,0.95,2022-08-29,0.0141090551859436,0.013217973928390789
EWMA_Normal,0.95,2022-09-16,0.0195752033704768,0.01412477375159798
EWMA_Normal,0.95,2022-09-23,0.0173045408909074,0.015214197438263083
EWMA_Normal,0.95,2022-09-26,0.0181144013493809,0.01488819111560883
EWMA_Normal,0.95,2022-12-15,0.013238173588299,0.009857006371343806
EWMA_Normal,0.95,2022-12-23,0.0178413752680846,0.011218869968481324
EWMA_Normal,0.95,2023-01-25,0.0125716729916367,0.011199704585659649
EWMA_Normal,0.95,2023-01-27,0.0162048389496388,0.010858517888912348
EWMA_Normal,0.95,2023-02-22,0.0153983109464969,0.010745678584941793
EWMA_Normal,0.95,2023-03-13,0.0149624166878137,0.012306104703181473
EWMA_Normal,0.95,2023-05-05,0.0102851178222677,0.009516702018247825
EWMA_Normal,0.95,2023-07-21,0.0117889545859248,0.008707457245679546
EWMA_Normal,0.95,2023-08-02,0.0105451544933879,0.009082694488060424
EWMA_Normal,0.95,2023-09-20,0.0115850988033336,0.007768724263470479
EWMA_Normal,0.95,2023-09-21,0.0080240458900552,0.007623920958879303
EWMA_Normal,0.95,2023-09-28,0.0098318038412133,0.008372724792682572
EWMA_Normal,0.95,2023-10-23,0.013440223951969,0.008673319535494939
EWMA_Normal,0.95,2023-10-26,0.013949914095014,0.009923321450196835
EWMA_Normal,0.95,2023-12-20,0.0142221227330497,0.01184077187074717
EWMA_Normal,0.95,2024-01-17,0.0211157704737447,0.011202385407251327
EWMA_Normal,0.95,2024-01-23,0.0179000980548101,0.013331917562326046
EWMA_Normal,0.95,2024-03-13,0.0152483933565969,0.01163893774946682
EWMA_Normal,0.95,2024-04-12,0.0103550214717636,0.010062748795617657
EWMA_Normal,0.95,2024-04-15,0.0110244436660376,0.00995334317925764
EWMA_Normal,0.95,2024-05-09,0.015590012996666,0.010348505256262616
EWMA_Normal,0.95,2024-06-04,0.0611241959627575,0.010978046058125917
EWMA_Normal,0.95,2024-08-05,0.0271517531414515,0.013191295425747688
EWMA_Normal,0.95,2024-09-06,0.0117187473822492,0.011699489464055779
EWMA_Normal,0.95,2024-09-30,0.0141606918570764,0.011813180704150009
EWMA_Normal,0.95,2024-10-03,0.02142424417261,0.01249661178199062
EWMA_Normal,0.95,2024-10-22,0.0125475729094392,0.012393489436756269
EWMA_Normal,0.95,2024-11-04,0.0127952853023641,0.011619596421971442
EWMA_Normal,0.95,2024-11-13,0.0136756491890301,0.012501104900288988
EWMA_Normal,0.95,2024-12-17,0.0135602561482743,0.012956188058288404
EWMA_Normal,0.95,2024-12-20,0.0153223592363376,0.013229438850690204
EWMA_Normal,0.95,2025-01-06,0.0163251287258849,0.01411331453642743
EWMA_Normal,0.95,2025-01-13,0.0148570974223703,0.014122477544425003
EWMA_Normal,0.95,2025-01-21,0.0138067213115826,0.0132744834414256
EWMA_Normal,0.95,2025-02-11,0.0133382451446241,0.012832308168237671
EWMA_Normal,0.95,2025-02-28,0.018820968141259,0.011069483851796088
EWMA_Normal,0.95,2025-04-01,0.0151507672965339,0.012499682377757157
EWMA_Normal,0.95,2025-04-04,0.0149782355814721,0.013209941618789155
EWMA_Normal,0.95,2025-04-07,0.0329701369044216,0.012886302514048383
EWMA_Normal,0.95,2025-08-08,0.0095120087930806,0.009332025797811404
EWMA_Normal,0.95,2025-08-26,0.0102939815650658,0.009680423939518913
EWMA_Normal,0.95,2025-09-26,0.0095327303668938,0.00789522009326807
EWMA_Normal,0.95,2025-12-08,0.0086639634331101,0.007698847168944127
EWMA_Normal,0.975,2022-01-24,0.0269272102621386,0.017602487127915692
EWMA_Normal,0.975,2022-02-14,0.0310946906967536,0.020987305454762968
EWMA_Normal,0.975,2022-02-24,0.0489602690308219,0.024773861823920253
EWMA_Normal,0.975,2022-05-19,0.0268910708974037,0.025788705808218043
EWMA_Normal,0.975,2022-06-13,0.0267339375202159,0.02254746623966748
EWMA_Normal,0.975,2022-09-16,0.0195752033704768,0.016830706021068648
EWMA_Normal,0.975,2022-09-26,0.0181144013493809,0.01774037391741935
EWMA_Normal,0.975,2022-12-15,0.013238173588299,0.01174534752920339
EWMA_Normal,0.975,2022-12-23,0.0178413752680846,0.013368108094952166
EWMA_Normal,0.975,2023-01-27,0.0162048389496388,0.01293872210817698
EWMA_Normal,0.975,2023-02-22,0.0153983109464969,0.012804265784405027
EWMA_Normal,0.975,2023-03-13,0.0149624166878137,0.014663628187340377
EWMA_Normal,0.975,2023-07-21,0.0117889545859248,0.010375575260203837
EWMA_Normal,0.975,2023-09-20,0.0115850988033336,0.009257005920000819
EWMA_Normal,0.975,2023-10-23,0.013440223951969,0.010334897669578036
EWMA_Normal,0.975,2023-10-26,0.013949914095014,0.011824366819463741
EWMA_Normal,0.975,2023-12-20,0.0142221227330497,0.01410914991799699
EWMA_Normal,0.975,2024-01-17,0.0211157704737447,0.013348465528718706
EWMA_Normal,0.975,2024-01-23,0.0179000980548101,0.01588595960082167
EWMA_Normal,0.975,2024-03-13,0.0152483933565969,0.013868649728752827
EWMA_Normal,0.975,2024-05-09,0.015590012996666,0.0123310045731483
EWMA_Normal,0.975,2024-06-04,0.0611241959627575,0.01308114870648214
EWMA_Normal,0.975,2024-08-05,0.0271517531414515,0.015718397990106513
EWMA_Normal,0.975,2024-09-30,0.0141606918570764,0.0140762730151919
EWMA_Normal,0.975,2024-10-03,0.02142424417261,0.014890631373002486
EWMA_Normal,0.975,2025-02-28,0.018820968141259,0.013190103557833559
EWMA_Normal,0.975,2025-04-01,0.0151507672965339,0.014894290213530836
EWMA_Normal,0.975,2025-04-07,0.0329701369044216,0.01535497652045359
EWMA_Normal,0.975,2025-09-26,0.0095327303668938,0.00940773499797798
EWMA_Normal,0.99,2022-01-24,0.0269272102621386,0.020892990295159723
EWMA_Normal,0.99,2022-02-14,0.0310946906967536,0.02491054622005775
EWMA_Normal,0.99,2022-02-24,0.0489602690308219,0.029404938682780497
EWMA_Normal,0.99,2022-12-23,0.0178413752680846,0.01586706189090414
EWMA_Normal,0.99,2023-01-27,0.0162048389496388,0.015357409068017297
EWMA_Normal,0.99,2023-02-22,0.0153983109464969,0.015197818287051171
EWMA_Normal,0.99,2023-09-20,0.0115850988033336,0.01098745497970516
EWMA_Normal,0.99,2023-10-23,0.013440223951969,0.012266841335706784
EWMA_Normal,0.99,2024-01-17,0.0211157704737447,0.01584374746137464
EWMA_Normal,0.99,2024-05-09,0.015590012996666,0.014636088468872167
EWMA_Normal,0.99,2024-06-04,0.0611241959627575,0.015526460038743086
EWMA_Normal,0.99,2024-08-05,0.0271517531414515,0.018656700855752297
EWMA_Normal,0.99,2024-10-03,0.02142424417261,0.017674196521442385
EWMA_Normal,0.99,2025-02-28,0.018820968141259,0.015655782255277226
EWMA_Normal,0.99,2025-04-07,0.0329701369044216,0.01822534356042614
GARCH_t,0.95,2022-01-24,0.0269272102621386,0.013643226381673371
GARCH_t,0.95,2022-02-07,0.0174321742274954,0.016682217226211896
GARCH_t,0.95,2022-02-14,0.0310946906967536,0.016682217226211896
GARCH_t,0.95,2022-02-24,0.0489602690308219,0.016682217226211896
GARCH_t,0.95,2022-05-04,0.0232033101901817,0.017709124728622922
GARCH_t,0.95,2022-05-12,0.0224621478725792,0.018987160590206033
GARCH_t,0.95,2022-05-19,0.0268910708974037,0.018987160590206033
GARCH_t,0.95,2022-06-10,0.0169098677448552,0.016289364929981422
GARCH_t,0.95,2022-06-13,0.0267339375202159,0.016289364929981422
GARCH_t,0.95,2022-06-16,0.021354848179315,0.016289364929981422
GARCH_t,0.95,2022-08-22,0.0151921485542088,0.013253908545529578
GARCH_t,0.95,2022-08-29,0.0141090551859436,0.013253908545529578
GARCH_t,0.95,2022-09-16,0.0195752033704768,0.015021806027807743
GARCH_t,0.95,2022-09-23,0.0173045408909074,0.015021806027807743
GARCH_t,0.95,2022-09-26,0.0181144013493809,0.015021806027807743
GARCH_t,0.95,2022-12-15,0.013238173588299,0.009317740081368526
GARCH_t,0.95,2022-12-21,0.0101793539169421,0.009317740081368526
GARCH_t,0.95,2022-12-23,0.0178413752680846,0.009317740081368526
GARCH_t,0.95,2023-01-04,0.0104535176122929,0.009317740081368526
GARCH_t,0.95,2023-01-25,0.0125716729916367,0.011747483459721375
GARCH_t,0.95,2023-01-27,0.0162048389496388,0.011747483459721375
GARCH_t,0.95,2023-02-22,0.0153983109464969,0.012349152539587111
GARCH_t,0.95,2023-03-13,0.0149624166878137,0.0121471768125082
GARCH_t,0.95,2023-07-21,0.0117889545859248,0.009400160432342366
GARCH_t,0.95,2023-08-02,0.0105451544933879,0.009400160432342366
GARCH_t,0.95,2023-09-20,0.0115850988033336,0.009080251436624547
GARCH_t,0.95,2023-09-28,0.0098318038412133,0.009080251436624547
GARCH_t,0.95,2023-10-23,0.013440223951969,0.010184005256806277
GARCH_t,0.95,2023-10-26,0.013949914095014,0.010184005256806277
GARCH_t,0.95,2023-12-20,0.0142221227330497,0.011201370674747267
GARCH_t,0.95,2024-01-17,0.0211157704737447,0.010861213959357408
GARCH_t,0.95,2024-01-23,0.0179000980548101,0.010861213959357408
GARCH_t,0.95,2024-03-13,0.0152483933565969,0.011632801270087595
GARCH_t,0.95,2024-05-09,0.015590012996666,0.011491663215577015
GARCH_t,0.95,2024-06-04,0.0611241959627575,0.011958002481172497
GARCH_t,0.95,2024-08-02,0.0117921908833044,0.010066659625159666
GARCH_t,0.95,2024-08-05,0.0271517531414515,0.010066659625159666
GARCH_t,0.95,2024-09-30,0.0141606918570764,0.011883726230771401
GARCH_t,0.95,2024-10-03,0.02142424417261,0.011883726230771401
GARCH_t,0.95,2024-10-22,0.0125475729094392,0.011883726230771401
GARCH_t,0.95,2024-11-04,0.0127952853023641,0.012224522520173968
GARCH_t,0.95,2024-11-13,0.0136756491890301,0.012224522520173968
GARCH_t,0.95,2025-01-06,0.0163251287258849,0.013601070963816023
GARCH_t,0.95,2025-01-13,0.0148570974223703,0.013601070963816023
GARCH_t,0.95,2025-01-21,0.0138067213115826,0.013601070963816023
GARCH_t,0.95,2025-02-11,0.0133382451446241,0.012542845973124548
GARCH_t,0.95,2025-02-24,0.0106971160111741,0.010392916740430563
GARCH_t,0.95,2025-02-28,0.018820968141259,0.010392916740430563
GARCH_t,0.95,2025-04-01,0.0151507672965339,0.012413042322364006
GARCH_t,0.95,2025-04-04,0.0149782355814721,0.012413042322364006
GARCH_t,0.95,2025-04-07,0.0329701369044216,0.012413042322364006
GARCH_t,0.975,2022-01-24,0.0269272102621386,0.017262277908692336
GARCH_t,0.975,2022-02-14,0.0310946906967536,0.02107195302472062
GARCH_t,0.975,2022-02-24,0.0489602690308219,0.02107195302472062
GARCH_t,0.975,2022-05-04,0.0232033101901817,0.02242588178213587
GARCH_t,0.975,2022-05-19,0.0268910708974037,0.023949521489678143
GARCH_t,0.975,2022-06-13,0.0267339375202159,0.020599250146575238
GARCH_t,0.975,2022-06-16,0.021354848179315,0.020599250146575238
GARCH_t,0.975,2022-09-16,0.0195752033704768,0.01897407039978773
GARCH_t,0.975,2022-12-15,0.013238173588299,0.011847034981934748
GARCH_t,0.975,2022-12-23,0.0178413752680846,0.011847034981934748
GARCH_t,0.975,2023-01-27,0.0162048389496388,0.014863482074741346
GARCH_t,0.975,2023-09-20,0.0115850988033336,0.01150177392670027
GARCH_t,0.975,2023-10-23,0.013440223951969,0.012871294336726864
GARCH_t,0.975,2023-10-26,0.013949914095014,0.012871294336726864
GARCH_t,0.975,2023-12-20,0.0142221227330497,0.014151157465102444
GARCH_t,0.975,2024-01-17,0.0211157704737447,0.013736744726230966
GARCH_t,0.975,2024-01-23,0.0179000980548101,0.013736744726230966
GARCH_t,0.975,2024-03-13,0.0152483933565969,0.014688571367738046
GARCH_t,0.975,2024-05-09,0.015590012996666,0.014509945430040834
GARCH_t,0.975,2024-06-04,0.0611241959627575,0.015095981024623855
GARCH_t,0.975,2024-08-05,0.0271517531414515,0.012865589857897956
GARCH_t,0.975,2024-10-03,0.02142424417261,0.01523412661417093
GARCH_t,0.975,2025-02-28,0.018820968141259,0.013349542527361221
GARCH_t,0.975,2025-04-07,0.0329701369044216,0.01592258051533639
GARCH_t,0.99,2022-01-24,0.0269272102621386,0.022139591032584113
GARCH_t,0.99,2022-02-14,0.0310946906967536,0.02699768920291406
GARCH_t,0.99,2022-02-24,0.0489602690308219,0.02699768920291406
GARCH_t,0.99,2022-06-13,0.0267339375202159,0.026429177283477986
GARCH_t,0.99,2022-12-23,0.0178413752680846,0.015227041498068186
GARCH_t,0.99,2024-01-17,0.0211157704737447,0.017558353446240724
GARCH_t,0.99,2024-01-23,0.0179000980548101,0.017558353446240724
GARCH_t,0.99,2024-06-04,0.0611241959627575,0.01927163961180163
GARCH_t,0.99,2024-08-05,0.0271517531414515,0.016673139817588747
GARCH_t,0.99,2024-10-03,0.02142424417261,0.01986172280356633
GARCH_t,0.99,2025-02-28,0.018820968141259,0.017451870347355607
GARCH_t,0.99,2025-04-07,0.0329701369044216,0.02080380380971214
Static_POT_EVT,0.95,2022-01-24,0.0269272102621386,0.014908277604853852
Static_POT_EVT,0.95,2022-02-07,0.0174321742274954,0.015030556917030905
Static_POT_EVT,0.95,2022-02-14,0.0310946906967536,0.015030556917030905
Static_POT_EVT,0.95,2022-02-24,0.0489602690308219,0.015030556917030905
Static_POT_EVT,0.95,2022-03-04,0.0154355495239856,0.015103671843759558
Static_POT_EVT,0.95,2022-03-07,0.0238078559614201,0.015103671843759558
Static_POT_EVT,0.95,2022-04-18,0.0174322506303487,0.01485859039553665
Static_POT_EVT,0.95,2022-05-04,0.0232033101901817,0.01485859039553665
Static_POT_EVT,0.95,2022-05-06,0.016402205362178,0.01485859039553665
Static_POT_EVT,0.95,2022-05-12,0.0224621478725792,0.01518450713749758
Static_POT_EVT,0.95,2022-05-19,0.0268910708974037,0.01518450713749758
Static_POT_EVT,0.95,2022-06-10,0.0169098677448552,0.015245218306648253
Static_POT_EVT,0.95,2022-06-13,0.0267339375202159,0.015245218306648253
Static_POT_EVT,0.95,2022-06-16,0.021354848179315,0.015245218306648253
Static_POT_EVT,0.95,2022-09-16,0.0195752033704768,0.01555860323527545
Static_POT_EVT,0.95,2022-09-23,0.0173045408909074,0.01555860323527545
Static_POT_EVT,0.95,2022-09-26,0.0181144013493809,0.01555860323527545
Static_POT_EVT,0.95,2022-12-23,0.0178413752680846,0.015590853575507307
Static_POT_EVT,0.95,2023-01-27,0.0162048389496388,0.015356961633883701
Static_POT_EVT,0.95,2024-01-17,0.0211157704737447,0.01551848661771272
Static_POT_EVT,0.95,2024-01-23,0.0179000980548101,0.01551848661771272
Static_POT_EVT,0.95,2024-05-09,0.015590012996666,0.015519475580451681
Static_POT_EVT,0.95,2024-06-04,0.0611241959627575,0.015553864781500105
Static_POT_EVT,0.95,2024-08-05,0.0271517531414515,0.015674367275417118
Static_POT_EVT,0.95,2024-10-03,0.02142424417261,0.015778329986987673
Static_POT_EVT,0.95,2025-01-06,0.0163251287258849,0.015574002163158596
Static_POT_EVT,0.95,2025-02-28,0.018820968141259,0.015523488093958045
Static_POT_EVT,0.95,2025-04-07,0.0329701369044216,0.015607680394218181
Static_POT_EVT,0.975,2022-01-24,0.0269272102621386,0.02082987611469124
Static_POT_EVT,0.975,2022-02-14,0.0310946906967536,0.021090459821138545
Static_POT_EVT,0.975,2022-02-24,0.0489602690308219,0.021090459821138545
Static_POT_EVT,0.975,2022-03-07,0.0238078559614201,0.021290562556120815
Static_POT_EVT,0.975,2022-05-04,0.0232033101901817,0.021000726027487662
Static_POT_EVT,0.975,2022-05-12,0.0224621478725792,0.021466756460069
Static_POT_EVT,0.975,2022-05-19,0.0268910708974037,0.021466756460069
Static_POT_EVT,0.975,2022-06-13,0.0267339375202159,0.02159478808797608
Static_POT_EVT,0.975,2024-06-04,0.0611241959627575,0.021887853688023474
Static_POT_EVT,0.975,2024-08-05,0.0271517531414515,0.02214313744399198
Static_POT_EVT,0.975,2025-04-07,0.0329701369044216,0.021885605998896142
Static_POT_EVT,0.99,2022-02-24,0.0489602690308219,0.031668547801280034
Static_POT_EVT,0.99,2024-06-04,0.0611241959627575,0.03267126835316814
GARCH_EVT,0.95,2022-01-24,0.0269272102621386,0.014853350139379691
GARCH_EVT,0.95,2022-02-14,0.0310946906967536,0.018858644246346205
GARCH_EVT,0.95,2022-02-24,0.0489602690308219,0.018858644246346205
GARCH_EVT,0.95,2022-05-04,0.0232033101901817,0.01984516440022983
GARCH_EVT,0.95,2022-05-12,0.0224621478725792,0.021438413079144163
GARCH_EVT,0.95,2022-05-19,0.0268910708974037,0.021438413079144163
GARCH_EVT,0.95,2022-06-13,0.0267339375202159,0.01792475820300141
GARCH_EVT,0.95,2022-06-16,0.021354848179315,0.01792475820300141
GARCH_EVT,0.95,2022-08-22,0.0151921485542088,0.014799399852338045
GARCH_EVT,0.95,2022-09-16,0.0195752033704768,0.017000999885997445
GARCH_EVT,0.95,2022-09-23,0.0173045408909074,0.017000999885997445
GARCH_EVT,0.95,2022-09-26,0.0181144013493809,0.017000999885997445
GARCH_EVT,0.95,2022-12-15,0.013238173588299,0.01006210420146187
GARCH_EVT,0.95,2022-12-21,0.0101793539169421,0.01006210420146187
GARCH_EVT,0.95,2022-12-23,0.0178413752680846,0.01006210420146187
GARCH_EVT,0.95,2023-01-04,0.0104535176122929,0.01006210420146187
GARCH_EVT,0.95,2023-01-27,0.0162048389496388,0.01298292300390603
GARCH_EVT,0.95,2023-02-22,0.0153983109464969,0.013759115934259223
GARCH_EVT,0.95,2023-03-13,0.0149624166878137,0.013551067348887441
GARCH_EVT,0.95,2023-07-21,0.0117889545859248,0.010189379672130374
GARCH_EVT,0.95,2023-08-02,0.0105451544933879,0.010189379672130374
GARCH_EVT,0.95,2023-09-20,0.0115850988033336,0.009988410017510054
GARCH_EVT,0.95,2023-10-23,0.013440223951969,0.011193019333591245
GARCH_EVT,0.95,2023-10-26,0.013949914095014,0.011193019333591245
GARCH_EVT,0.95,2023-12-20,0.0142221227330497,0.012486161447373344
GARCH_EVT,0.95,2024-01-17,0.0211157704737447,0.012056986614042343
GARCH_EVT,0.95,2024-01-23,0.0179000980548101,0.012056986614042343
GARCH_EVT,0.95,2024-03-13,0.0152483933565969,0.012764610682107828
GARCH_EVT,0.95,2024-05-09,0.015590012996666,0.01285988038971094
GARCH_EVT,0.95,2024-06-04,0.0611241959627575,0.013513262908963665
GARCH_EVT,0.95,2024-08-02,0.0117921908833044,0.011006889632718985
GARCH_EVT,0.95,2024-08-05,0.0271517531414515,0.011006889632718985
GARCH_EVT,0.95,2024-09-30,0.0141606918570764,0.013867630386479396
GARCH_EVT,0.95,2024-10-03,0.02142424417261,0.013867630386479396
GARCH_EVT,0.95,2025-01-06,0.0163251287258849,0.015796007995754917
GARCH_EVT,0.95,2025-02-28,0.018820968141259,0.011043994225124856
GARCH_EVT,0.95,2025-04-01,0.0151507672965339,0.014513219251515126
GARCH_EVT,0.95,2025-04-04,0.0149782355814721,0.014513219251515126
GARCH_EVT,0.95,2025-04-07,0.0329701369044216,0.014513219251515126
GARCH_EVT,0.975,2022-01-24,0.0269272102621386,0.01891458933659843
GARCH_EVT,0.975,2022-02-14,0.0310946906967536,0.023994471663415663
GARCH_EVT,0.975,2022-02-24,0.0489602690308219,0.023994471663415663
GARCH_EVT,0.975,2022-06-13,0.0267339375202159,0.022930760330733994
GARCH_EVT,0.975,2022-12-15,0.013238173588299,0.012918702311258136
GARCH_EVT,0.975,2022-12-23,0.0178413752680846,0.012918702311258136
GARCH_EVT,0.975,2024-01-17,0.0211157704737447,0.015538762056226492
GARCH_EVT,0.975,2024-01-23,0.0179000980548101,0.015538762056226492
GARCH_EVT,0.975,2024-06-04,0.0611241959627575,0.017414629464530287
GARCH_EVT,0.975,2024-08-05,0.0271517531414515,0.014348183208056578
GARCH_EVT,0.975,2024-10-03,0.02142424417261,0.018108066891546454
GARCH_EVT,0.975,2025-02-28,0.018820968141259,0.014413420473112526
GARCH_EVT,0.975,2025-04-07,0.0329701369044216,0.01890399801880908
GARCH_EVT,0.99,2022-01-24,0.0269272102621386,0.024445781726413367
GARCH_EVT,0.99,2022-02-14,0.0310946906967536,0.030942158380939087
GARCH_EVT,0.99,2022-02-24,0.0489602690308219,0.030942158380939087
GARCH_EVT,0.99,2022-12-23,0.0178413752680846,0.01680626763514219
GARCH_EVT,0.99,2024-01-17,0.0211157704737447,0.0200547685798624
GARCH_EVT,0.99,2024-06-04,0.0611241959627575,0.0222696397845814
GARCH_EVT,0.99,2024-08-05,0.0271517531414515,0.018537107118660457
GARCH_EVT,0.99,2025-02-28,0.018820968141259,0.01862740115957658
GARCH_EVT,0.99,2025-04-07,0.0329701369044216,0.024354980089296416
FHS,0.95,2022-01-24,0.0269272102621386,0.014600811492306095
FHS,0.95,2022-02-14,0.0310946906967536,0.01852531186102836
FHS,0.95,2022-02-24,0.0489602690308219,0.01852531186102836
FHS,0.95,2022-05-04,0.0232033101901817,0.019507429688682597
FHS,0.95,2022-05-12,0.0224621478725792,0.02094658761895267
FHS,0.95,2022-05-19,0.0268910708974037,0.02094658761895267
FHS,0.95,2022-06-13,0.0267339375202159,0.017515204536235597
FHS,0.95,2022-06-16,0.021354848179315,0.017515204536235597
FHS,0.95,2022-08-22,0.0151921485542088,0.014550274237022653
FHS,0.95,2022-09-16,0.0195752033704768,0.01685573220812573
FHS,0.95,2022-09-23,0.0173045408909074,0.01685573220812573
FHS,0.95,2022-09-26,0.0181144013493809,0.01685573220812573
FHS,0.95,2022-12-15,0.013238173588299,0.009938573248585731
FHS,0.95,2022-12-21,0.0101793539169421,0.009938573248585731
FHS,0.95,2022-12-23,0.0178413752680846,0.009938573248585731
FHS,0.95,2023-01-04,0.0104535176122929,0.009938573248585731
FHS,0.95,2023-01-27,0.0162048389496388,0.0128698678153573
FHS,0.95,2023-02-22,0.0153983109464969,0.013669320702782492
FHS,0.95,2023-03-13,0.0149624166878137,0.013399590921967254
FHS,0.95,2023-07-21,0.0117889545859248,0.010094742850778595
FHS,0.95,2023-08-02,0.0105451544933879,0.010094742850778595
FHS,0.95,2023-09-20,0.0115850988033336,0.010031872472373858
FHS,0.95,2023-10-23,0.013440223951969,0.011249472293890618
FHS,0.95,2023-10-26,0.013949914095014,0.011249472293890618
FHS,0.95,2023-12-20,0.0142221227330497,0.012603930726907204
FHS,0.95,2024-01-17,0.0211157704737447,0.012174425919173795
FHS,0.95,2024-01-23,0.0179000980548101,0.012174425919173795
FHS,0.95,2024-03-13,0.0152483933565969,0.012944720816741973
FHS,0.95,2024-05-09,0.015590012996666,0.012980073537104581
FHS,0.95,2024-06-04,0.0611241959627575,0.013711288694601122
FHS,0.95,2024-08-02,0.0117921908833044,0.011043014662697193
FHS,0.95,2024-08-05,0.0271517531414515,0.011043014662697193
FHS,0.95,2024-09-30,0.0141606918570764,0.013980501081576314
FHS,0.95,2024-10-03,0.02142424417261,0.013980501081576314
FHS,0.95,2025-01-06,0.0163251287258849,0.01585807010779637
FHS,0.95,2025-02-28,0.018820968141259,0.011083339191880415
FHS,0.95,2025-04-01,0.0151507672965339,0.014492797242517083
FHS,0.95,2025-04-04,0.0149782355814721,0.014492797242517083
FHS,0.95,2025-04-07,0.0329701369044216,0.014492797242517083
FHS,0.975,2022-01-24,0.0269272102621386,0.01863685269567221
FHS,0.975,2022-02-14,0.0310946906967536,0.023559277477666
FHS,0.975,2022-02-24,0.0489602690308219,0.023559277477666
FHS,0.975,2022-06-13,0.0267339375202159,0.02236498278001024
FHS,0.975,2022-12-15,0.013238173588299,0.01253570353012603
FHS,0.975,2022-12-23,0.0178413752680846,0.01253570353012603
FHS,0.975,2023-01-27,0.0162048389496388,0.01616564198682434
FHS,0.975,2024-01-17,0.0211157704737447,0.015180697813523257
FHS,0.975,2024-01-23,0.0179000980548101,0.015180697813523257
FHS,0.975,2024-06-04,0.0611241959627575,0.016925741809891013
FHS,0.975,2024-08-05,0.0271517531414515,0.013508167148718468
FHS,0.975,2024-10-03,0.02142424417261,0.017008918207528142
FHS,0.975,2025-02-28,0.018820968141259,0.013480905190108791
FHS,0.975,2025-04-07,0.0329701369044216,0.017651340690690936
FHS,0.99,2022-01-24,0.0269272102621386,0.026067174223337843
FHS,0.99,2022-02-24,0.0489602690308219,0.03313851432271749
FHS,0.99,2024-01-17,0.0211157704737447,0.020979565796757357
FHS,0.99,2024-06-04,0.0611241959627575,0.023084853458697877
FHS,0.99,2024-08-05,0.0271517531414515,0.01860100593492578
FHS,0.99,2025-02-28,0.018820968141259,0.018580184975551774
FHS,0.99,2025-04-07,0.0329701369044216,0.024123783544708483
